{
  "AUC": 0.04568081726951122,
  "Average_Precision": -0.6413998131693773,
  "Threshold_used": 0.0,
  "TP": 1620,
  "FP": 342,
  "TN": 0,
  "FN": 0,
  "Accuracy": 0.8256880733944955,
  "Precision": 0.8256880733944955,
  "Recall": 1.0,
  "F1": 0.9045226130653267,
  "Specificity": 0.0,
  "R-Precision": 0.7895061728395062
}