{
  "AUC_reported_pos_label_0": 0.9543264024258177,
  "Average_Precision_reported_pos_label_0": 0.7585590250936844
}